                  epoch,         train/box_loss,         train/cls_loss,         train/dfl_loss,   metrics/precision(B),      metrics/recall(B),       metrics/mAP50(B),    metrics/mAP50-95(B),           val/box_loss,           val/cls_loss,           val/dfl_loss,                 lr/pg0,                 lr/pg1,                 lr/pg2
                      0,                0.87614,                 2.8434,                 1.1877,                0.00401,                0.32137,                 0.0057,                0.00192,                 2.5655,                    inf,                 5.8271,                 0.0705,              0.0032778,              0.0032778
                      1,                0.86731,                  2.074,                 1.1392,                0.00158,                0.39967,                0.00281,                0.00041,                   3.51,                    inf,                 23.061,               0.040478,              0.0065893,              0.0065893
                      2,                0.86152,                 1.9745,                 1.1278,                0.22454,                0.06222,                0.02878,                0.01642,                0.96234,                 19.027,                 1.3892,               0.010434,              0.0098788,              0.0098788
                      3,                0.81842,                 1.8369,                 1.0942,                0.14525,                0.13303,                0.05446,                0.02775,                 1.5646,                   5.24,                 1.7202,               0.009901,               0.009901,               0.009901
                      4,                0.79223,                 1.8206,                 1.0909,                0.36101,                0.34038,                0.20216,                 0.1737,                0.61935,                 2.5145,                 0.9978,               0.009901,               0.009901,               0.009901
                      5,                0.76561,                 1.7495,                 1.0778,                0.24911,                0.30281,                0.18687,                0.14892,                0.69368,                 3.4381,                 1.0792,               0.009868,               0.009868,               0.009868
                      6,                0.71276,                 1.7374,                 1.0641,                0.36668,                0.58157,                0.28234,                0.24112,                0.55548,                 2.2646,                0.97824,               0.009835,               0.009835,               0.009835
                      7,                0.72708,                 1.7041,                 1.0756,                0.16806,                0.56109,                0.26766,                0.20608,                0.65364,                 2.5073,                 1.0097,               0.009802,               0.009802,               0.009802
                      8,                0.68496,                 1.6096,                 1.0335,                0.38789,                0.68904,                0.43106,                0.36236,                0.56302,                 1.6063,                0.97962,               0.009769,               0.009769,               0.009769
                      9,                0.67079,                  1.601,                 1.0349,                0.21137,                0.61843,                  0.393,                0.34169,                0.55322,                 1.9567,                0.96555,               0.009736,               0.009736,               0.009736
                     10,                0.63749,                 1.5513,                  1.018,                0.29842,                0.59869,                0.43245,                 0.3725,                0.55893,                 1.7842,                0.96308,               0.009703,               0.009703,               0.009703
                     11,                0.65443,                 1.4792,                 1.0192,                0.57612,                0.59226,                0.49807,                0.43838,                0.50458,                 1.3463,                0.92895,                0.00967,                0.00967,                0.00967
                     12,                0.67633,                 1.5204,                 1.0447,                0.24034,                0.54917,                0.42481,                 0.3546,                0.59272,                 3.0745,                 1.0097,               0.009637,               0.009637,               0.009637
                     13,                 0.6479,                 1.5079,                0.99731,                0.36144,                0.77091,                0.52254,                0.45146,                0.52323,                  1.855,                0.94948,               0.009604,               0.009604,               0.009604
                     14,                 0.6238,                 1.4789,                 1.0093,                0.39629,                0.72152,                0.50617,                0.44154,                0.49873,                 1.5232,                0.94492,               0.009571,               0.009571,               0.009571
                     15,                0.61678,                 1.4472,                 1.0101,                0.47338,                0.56812,                 0.4452,                0.39067,                0.49199,                 1.6872,                0.93086,               0.009538,               0.009538,               0.009538
                     16,                0.64935,                 1.4289,                 1.0221,                0.35526,                0.76521,                0.52502,                0.45867,                0.50395,                   1.82,                0.94654,               0.009505,               0.009505,               0.009505
                     17,                0.63209,                 1.4119,                  1.024,                0.31809,                0.74521,                0.53886,                0.46987,                0.52852,                 1.3858,                0.97296,               0.009472,               0.009472,               0.009472
                     18,                0.61946,                 1.3929,                 1.0119,                0.43313,                0.73775,                0.55624,                0.50063,                0.46627,                 1.2528,                0.90981,               0.009439,               0.009439,               0.009439
                     19,                0.60294,                 1.4002,                 1.0195,                0.31871,                0.71411,                0.49773,                0.43648,                0.46675,                 1.8979,                0.91709,               0.009406,               0.009406,               0.009406
                     20,                0.60801,                 1.3807,                 1.0037,                0.28429,                0.63366,                0.40162,                0.35089,                0.49028,                 2.2434,                0.92277,               0.009373,               0.009373,               0.009373
                     21,                0.65671,                  1.431,                 1.0344,                0.37712,                0.79498,                 0.5329,                0.46567,                0.49442,                 1.4156,                0.93633,                0.00934,                0.00934,                0.00934
                     22,                0.62267,                 1.4089,                 1.0136,                0.35424,                 0.7071,                0.52342,                0.46284,                0.48727,                 1.4137,                0.93308,               0.009307,               0.009307,               0.009307
                     23,                0.61882,                 1.3819,                 1.0026,                0.38373,                0.43063,                0.35536,                0.28416,                0.76494,                 2.2094,                 1.1353,               0.009274,               0.009274,               0.009274
                     24,                0.60171,                 1.3881,                 1.0019,                0.34443,                0.77966,                0.53558,                0.45892,                0.53321,                   1.62,                0.95112,               0.009241,               0.009241,               0.009241
                     25,                 0.6049,                 1.3606,                 1.0086,                0.43735,                0.76196,                0.53548,                0.47536,                0.47289,                 1.3242,                 0.9335,               0.009208,               0.009208,               0.009208
                     26,                0.58593,                 1.3829,                0.98998,                0.38472,                0.76652,                0.50881,                0.44765,                0.45029,                 1.3873,                0.91283,               0.009175,               0.009175,               0.009175
                     27,                0.58275,                 1.3316,                0.99531,                0.39143,                0.75137,                0.52088,                0.46172,                0.45549,                 1.4506,                0.90375,               0.009142,               0.009142,               0.009142
                     28,                0.58412,                 1.3719,                0.98959,                0.38508,                0.70472,                0.47598,                 0.4232,                0.43543,                 1.3998,                 0.8956,               0.009109,               0.009109,               0.009109
                     29,                0.58094,                 1.3367,                0.99541,                0.33347,                0.65532,                0.45458,                0.41643,                0.45468,                 1.7058,                0.90784,               0.009076,               0.009076,               0.009076
                     30,                0.60606,                 1.3681,                 1.0228,                0.53391,                0.75131,                0.62501,                0.56775,                0.43091,                  1.181,                0.89453,               0.009043,               0.009043,               0.009043
                     31,                0.59584,                 1.3654,                0.99488,                0.57207,                0.53039,                0.49215,                0.42464,                0.47099,                 1.7328,                0.91924,                0.00901,                0.00901,                0.00901
                     32,                 0.6011,                 1.3486,                 1.0068,                0.46324,                0.66545,                0.50637,                0.45086,                0.44306,                 1.5016,                0.89224,               0.008977,               0.008977,               0.008977
                     33,                0.60554,                 1.3694,                 1.0078,                0.36659,                0.69305,                0.52759,                0.47086,                0.48226,                 1.3439,                0.90862,               0.008944,               0.008944,               0.008944
                     34,                0.59291,                 1.3329,                0.99646,                0.36146,                0.73998,                0.49718,                0.43115,                 0.4772,                    1.5,                0.93953,               0.008911,               0.008911,               0.008911
                     35,                0.57353,                 1.3424,                0.99396,                0.45464,                0.74312,                0.57676,                0.51463,                 0.4606,                 1.1381,                0.90477,               0.008878,               0.008878,               0.008878
                     36,                 0.5988,                  1.327,                 1.0034,                 0.4146,                0.71245,                 0.5291,                  0.471,                0.46681,                 1.5681,                  0.928,               0.008845,               0.008845,               0.008845
                     37,                0.61596,                 1.3686,                0.99961,                0.46577,                0.70782,                0.56343,                0.49744,                0.45248,                   1.32,                 0.9133,               0.008812,               0.008812,               0.008812
                     38,                0.57426,                 1.3178,                0.99733,                 0.4358,                0.79883,                0.58974,                0.53344,                0.44646,                 1.2167,                0.91363,               0.008779,               0.008779,               0.008779
                     39,                0.55884,                 1.3455,                0.99358,                 0.3672,                0.77188,                 0.5089,                0.44607,                0.47368,                 1.4741,                0.92962,               0.008746,               0.008746,               0.008746
                     40,                0.54609,                 1.2807,                0.97596,                0.42531,                0.77705,                0.62797,                0.56202,                 0.4293,                 1.3195,                0.89641,               0.008713,               0.008713,               0.008713
                     41,                0.57465,                 1.2812,                0.99145,                0.38289,                  0.762,                0.53594,                0.47991,                0.43067,                 1.2939,                0.89404,                0.00868,                0.00868,                0.00868
                     42,                0.56778,                 1.2732,                0.99885,                 0.4486,                0.75687,                0.60928,                0.55059,                0.41104,                 1.1225,                0.89113,               0.008647,               0.008647,               0.008647
                     43,                0.57376,                 1.3284,                0.98666,                0.42321,                0.73665,                0.52691,                0.46486,                0.45456,                 1.4714,                0.90512,               0.008614,               0.008614,               0.008614
                     44,                0.55027,                 1.2236,                0.97098,                0.45386,                0.68299,                0.58624,                0.53079,                0.46745,                 1.4029,                0.93766,               0.008581,               0.008581,               0.008581
                     45,                0.54014,                 1.2167,                0.98754,                0.47365,                0.78425,                0.63546,                0.57963,                0.41571,                 1.1119,                0.88367,               0.008548,               0.008548,               0.008548
                     46,                0.55633,                 1.2529,                0.98645,                0.28852,                0.62481,                0.54194,                0.46051,                0.54151,                 1.9687,                0.96504,               0.008515,               0.008515,               0.008515
                     47,                0.56307,                 1.2678,                0.98634,                0.41282,                0.72442,                0.54899,                0.49844,                0.41936,                 1.5349,                0.89015,               0.008482,               0.008482,               0.008482
                     48,                0.57365,                 1.2815,                0.99676,                0.50389,                0.75839,                0.59179,                0.53479,                0.40983,                 1.1512,                0.88575,               0.008449,               0.008449,               0.008449
                     49,                0.57712,                 1.2637,                0.99355,                0.48651,                0.80265,                 0.6674,                0.61265,                0.40517,                 1.0145,                0.88379,               0.008416,               0.008416,               0.008416
                     50,                0.55263,                 1.2198,                0.97633,                0.53318,                0.74287,                0.64914,                 0.5893,                0.43911,                 1.0395,                0.89428,               0.008383,               0.008383,               0.008383
                     51,                0.55664,                 1.2495,                0.98536,                0.40629,                0.66818,                0.47316,                0.42738,                0.41957,                 1.8098,                0.89128,                0.00835,                0.00835,                0.00835
                     52,                0.56991,                 1.2374,                0.98938,                0.57344,                0.75618,                0.60567,                0.55875,                0.41552,                 1.0966,                0.87864,               0.008317,               0.008317,               0.008317
                     53,                  0.518,                 1.2334,                0.96515,                0.46633,                0.78202,                0.61347,                0.54881,                0.42485,                 1.2997,                0.89728,               0.008284,               0.008284,               0.008284
                     54,                0.53095,                 1.2153,                0.97217,                0.49993,                0.79086,                0.62822,                0.57828,                0.40377,                 1.1319,                0.87168,               0.008251,               0.008251,               0.008251
                     55,                0.55422,                 1.2367,                0.98022,                0.50349,                0.75894,                0.63884,                0.57888,                0.42029,                 1.1224,                0.88147,               0.008218,               0.008218,               0.008218
                     56,                0.56407,                 1.2002,                0.98831,                0.43113,                0.69631,                0.62402,                 0.5648,                0.41529,                 1.5765,                0.87831,               0.008185,               0.008185,               0.008185
                     57,                 0.5438,                 1.2235,                0.97365,                0.42246,                0.70136,                0.54601,                0.49646,                0.42902,                 1.4944,                0.90336,               0.008152,               0.008152,               0.008152
                     58,                0.55709,                 1.2433,                0.99257,                0.49564,                0.74243,                0.54393,                0.48922,                 0.4525,                 1.5066,                0.90414,               0.008119,               0.008119,               0.008119
                     59,                0.55367,                 1.1811,                0.99661,                0.43529,                0.76942,                0.60541,                 0.5572,                0.39325,                 1.2835,                  0.881,               0.008086,               0.008086,               0.008086
                     60,                0.53847,                 1.1893,                0.97118,                0.51758,                  0.749,                0.67128,                0.61033,                0.39578,                 1.0257,                0.88004,               0.008053,               0.008053,               0.008053
                     61,                0.56029,                 1.1837,                0.98433,                0.56778,                0.77824,                0.67794,                0.61433,                 0.3877,                 1.1119,                0.86982,                0.00802,                0.00802,                0.00802
                     62,                0.53985,                 1.1461,                0.97586,                0.51485,                0.76716,                0.69753,                0.63488,                0.39329,                 1.0207,                0.87422,               0.007987,               0.007987,               0.007987
                     63,                0.55189,                 1.1739,                 0.9792,                0.46021,                0.77888,                0.64125,                0.58087,                0.40725,                 1.1954,                0.88515,               0.007954,               0.007954,               0.007954
                     64,                0.53174,                 1.1426,                0.97463,                0.54133,                0.64291,                0.62085,                0.56899,                0.41262,                 1.3876,                0.87873,               0.007921,               0.007921,               0.007921
                     65,                0.54877,                 1.1802,                0.98185,                0.49173,                0.76544,                0.61582,                0.55635,                0.38849,                 1.2454,                0.87194,               0.007888,               0.007888,               0.007888
                     66,                0.53026,                 1.1553,                0.96614,                0.55294,                0.79431,                0.70354,                0.64591,                0.40468,                 1.1993,                0.88395,               0.007855,               0.007855,               0.007855
                     67,                0.50717,                 1.0909,                0.95662,                0.57829,                0.68341,                0.60917,                0.55154,                0.41677,                 1.2975,                 0.8938,               0.007822,               0.007822,               0.007822
                     68,                0.51571,                 1.1043,                0.96373,                0.53577,                0.75486,                0.66765,                0.61522,                0.39196,                 1.0036,                0.87771,               0.007789,               0.007789,               0.007789
                     69,                0.53374,                 1.1162,                0.97157,                0.45455,                0.68953,                0.59725,                0.53835,                0.40602,                 1.5175,                0.88356,               0.007756,               0.007756,               0.007756
                     70,                0.55513,                 1.1174,                0.98877,                0.49927,                0.70152,                0.64364,                 0.5857,                0.38312,                 1.3166,                0.87314,               0.007723,               0.007723,               0.007723
                     71,                0.51535,                 1.0959,                0.97337,                 0.5312,                0.80699,                0.70473,                0.64306,                0.41106,                0.98629,                0.88812,                0.00769,                0.00769,                0.00769
                     72,                0.51415,                 1.0886,                 0.9624,                 0.5227,                 0.6911,                0.58278,                0.53255,                0.40998,                 1.2954,                0.89037,               0.007657,               0.007657,               0.007657
                     73,                0.52787,                 1.1318,                 0.9784,                0.42481,                0.74339,                 0.5868,                0.54283,                0.39273,                 1.3682,                0.87233,               0.007624,               0.007624,               0.007624
                     74,                0.51096,                 1.1144,                0.97099,                0.50471,                0.78461,                0.68117,                0.62741,                  0.385,                 1.2268,                0.86814,               0.007591,               0.007591,               0.007591
                     75,                 0.5168,                 1.0483,                0.96698,                0.52268,                0.78826,                0.67993,                0.61763,                 0.4044,                 1.0665,                0.88211,               0.007558,               0.007558,               0.007558
                     76,                0.49858,                 1.0936,                  0.964,                0.66417,                0.62379,                0.68127,                0.62314,                0.40851,                 1.0827,                0.88724,               0.007525,               0.007525,               0.007525
                     77,                0.52423,                 1.0944,                0.96997,                0.39305,                0.69634,                 0.6077,                0.54743,                0.44677,                 1.5458,                0.92256,               0.007492,               0.007492,               0.007492
                     78,                0.52112,                 1.0931,                0.96109,                0.58552,                0.81587,                0.73498,                 0.6793,                0.37152,                 0.8647,                 0.8656,               0.007459,               0.007459,               0.007459
                     79,                0.52109,                 1.0833,                0.96664,                0.55685,                0.82666,                0.68888,                 0.6363,                0.37619,                0.94703,                0.86738,               0.007426,               0.007426,               0.007426
                     80,                0.53558,                 1.0731,                0.97795,                0.55963,                0.75893,                0.67013,                0.61475,                  0.386,                 1.0739,                0.86947,               0.007393,               0.007393,               0.007393
                     81,                 0.5173,                 1.0687,                0.95823,                0.51592,                0.78247,                0.68613,                0.62539,                0.39606,                 1.3609,                 0.8734,                0.00736,                0.00736,                0.00736
                     82,                0.51229,                 1.0882,                0.96579,                0.62015,                0.83294,                0.72885,                0.67145,                0.39844,                0.92888,                0.87796,               0.007327,               0.007327,               0.007327
                     83,                0.51901,                 1.1072,                0.98093,                 0.5175,                0.81834,                0.70128,                0.63951,                0.40704,                 1.0644,                 0.8789,               0.007294,               0.007294,               0.007294
                     84,                 0.5018,                 1.0957,                0.96002,                0.52237,                0.82249,                0.68542,                0.62041,                0.41774,                 1.0342,                0.88837,               0.007261,               0.007261,               0.007261
                     85,                0.52023,                 1.0857,                0.95911,                0.55552,                0.81613,                0.68962,                0.63012,                0.39079,                0.92007,                0.87501,               0.007228,               0.007228,               0.007228
                     86,                0.51645,                 1.0823,                0.96086,                 0.5705,                0.74205,                0.69338,                0.64248,                0.37283,                0.97134,                0.86711,               0.007195,               0.007195,               0.007195
                     87,                 0.5283,                 1.0756,                0.98145,                0.45121,                0.77161,                 0.6504,                0.59505,                0.41497,                 1.5363,                0.87393,               0.007162,               0.007162,               0.007162
                     88,                0.53816,                 1.0581,                0.98496,                0.54611,                0.76369,                0.67189,                0.61153,                0.39692,                 1.0892,                0.87286,               0.007129,               0.007129,               0.007129
                     89,                0.51218,                 1.0769,                0.96975,                0.50842,                0.75369,                0.66198,                0.61101,                0.38463,                 1.1155,                0.87068,               0.007096,               0.007096,               0.007096
                     90,                0.51361,                 1.0835,                0.97166,                0.57734,                 0.8544,                0.73216,                0.67177,                0.41722,                0.89263,                0.88039,               0.007063,               0.007063,               0.007063
                     91,                0.50536,                  1.047,                0.96552,                0.49787,                0.78126,                0.63381,                0.58254,                0.38685,                 1.1846,                  0.873,                0.00703,                0.00703,                0.00703
                     92,                0.52691,                 1.0553,                0.96466,                0.56951,                0.76539,                0.73512,                0.66846,                0.37451,                0.95654,                0.86565,               0.006997,               0.006997,               0.006997
                     93,                0.49098,                 1.0196,                 0.9571,                 0.5799,                0.80506,                0.70712,                  0.652,                 0.3656,                0.86394,                0.86253,               0.006964,               0.006964,               0.006964
                     94,                0.49789,                 1.0522,                0.96368,                0.51852,                0.82654,                0.70612,                   0.65,                0.37643,                 1.0582,                0.86381,               0.006931,               0.006931,               0.006931
                     95,                0.50334,                 1.0587,                0.95855,                0.69674,                0.71333,                0.73017,                 0.6745,                0.37977,                0.84849,                0.86033,               0.006898,               0.006898,               0.006898
                     96,                 0.4865,                 1.0236,                0.94597,                0.51271,                0.71942,                 0.6226,                0.57568,                0.38913,                 1.0868,                0.87189,               0.006865,               0.006865,               0.006865
                     97,                0.50718,                      1,                0.96614,                 0.5181,                0.82089,                0.68632,                0.62951,                 0.3897,                 1.2007,                0.86611,               0.006832,               0.006832,               0.006832
                     98,                0.49301,                 1.0286,                0.96176,                0.57119,                0.79834,                0.72531,                0.67431,                0.36458,                0.85797,                0.85913,               0.006799,               0.006799,               0.006799
                     99,                0.51186,                  1.077,                0.97604,                0.52648,                0.74158,                0.70574,                0.64533,                0.39316,                 1.0676,                0.87386,               0.006766,               0.006766,               0.006766
                    100,                0.51592,                 1.0472,                0.96454,                0.45419,                0.76461,                0.62591,                0.57811,                0.38867,                 1.1946,                0.86555,               0.006733,               0.006733,               0.006733
                    101,                0.52462,                 1.0144,                0.96483,                0.52014,                0.80482,                 0.6874,                0.63981,                0.36508,                 1.0004,                0.85656,                 0.0067,                 0.0067,                 0.0067
                    102,                0.52687,                 1.0348,                0.98959,                 0.5578,                0.80407,                0.68939,                0.62349,                0.39608,                 1.0168,                0.87007,               0.006667,               0.006667,               0.006667
                    103,                0.50128,                 1.0059,                0.96379,                0.57124,                0.83506,                0.75017,                 0.6941,                0.38573,                0.83081,                0.86442,               0.006634,               0.006634,               0.006634
                    104,                0.51486,                 1.0308,                0.97543,                0.54259,                0.85709,                0.71185,                0.65528,                0.39168,                0.98738,                0.87264,               0.006601,               0.006601,               0.006601
                    105,                0.48931,                0.98379,                0.94751,                  0.623,                0.81537,                0.74147,                0.69068,                0.36356,                0.85366,                0.85825,               0.006568,               0.006568,               0.006568
                    106,                0.49067,                 1.0212,                 0.9606,                0.52396,                0.79438,                0.66175,                0.61031,                0.36395,                  1.053,                0.86483,               0.006535,               0.006535,               0.006535
                    107,                0.51319,                 1.0368,                0.97741,                0.55307,                0.73187,                0.69638,                0.64322,                0.38614,                  1.018,                0.88404,               0.006502,               0.006502,               0.006502
                    108,                0.48528,                 1.0032,                0.95667,                0.52154,                0.81033,                0.67845,                0.62865,                0.36611,                0.93732,                0.86241,               0.006469,               0.006469,               0.006469
                    109,                0.48604,                0.98986,                0.96329,                0.70132,                0.68224,                0.72946,                  0.674,                0.36698,                0.87974,                0.86748,               0.006436,               0.006436,               0.006436
                    110,                 0.5126,                 1.0156,                0.98567,                0.53219,                0.81764,                0.70141,                0.64452,                0.37032,                0.92722,                0.86315,               0.006403,               0.006403,               0.006403
                    111,                0.52398,                 1.0462,                 0.9783,                0.49063,                0.77774,                0.64191,                0.58934,                0.35734,                 1.0566,                0.86091,                0.00637,                0.00637,                0.00637
                    112,                 0.4833,                0.97472,                0.95289,                0.71102,                0.65903,                 0.7227,                 0.6616,                0.37926,                0.93719,                0.86992,               0.006337,               0.006337,               0.006337
                    113,                0.48052,                0.99288,                0.94456,                0.60442,                0.85851,                0.74528,                0.69292,                0.36062,                0.78799,                0.86084,               0.006304,               0.006304,               0.006304
                    114,                0.49964,                 1.0373,                0.96852,                0.52199,                  0.752,                0.68157,                0.63298,                0.37913,                 1.0448,                0.86618,               0.006271,               0.006271,               0.006271
                    115,                0.49759,                0.96973,                0.96771,                0.58667,                0.85014,                0.73351,                0.67639,                 0.3711,                0.85309,                0.86513,               0.006238,               0.006238,               0.006238
                    116,                0.47637,                0.98099,                0.95097,                0.51171,                0.73212,                0.69426,                 0.6364,                0.38235,                 1.1174,                0.87355,               0.006205,               0.006205,               0.006205
                    117,                 0.4803,                0.95705,                0.95226,                 0.5335,                0.76399,                0.67422,                0.62278,                0.35345,                 1.0682,                0.86063,               0.006172,               0.006172,               0.006172
                    118,                0.50688,                 1.0159,                0.96957,                0.60642,                0.82956,                 0.7322,                0.68241,                0.36736,                0.87265,                0.86094,               0.006139,               0.006139,               0.006139
                    119,                0.47746,                0.96247,                0.95304,                0.62425,                0.83986,                0.76447,                0.70717,                 0.3641,                0.82374,                0.86302,               0.006106,               0.006106,               0.006106
                    120,                0.48725,                0.98373,                0.95931,                0.54438,                0.84764,                0.70805,                 0.6584,                0.36152,                0.86944,                 0.8571,               0.006073,               0.006073,               0.006073
                    121,                0.49593,                 0.9612,                0.96937,                0.59004,                0.84482,                0.72114,                0.66122,                0.37184,                0.86817,                0.86598,                0.00604,                0.00604,                0.00604
                    122,                0.47109,                0.94881,                0.95614,                 0.5418,                0.83686,                0.71829,                0.66672,                0.36249,                 1.0109,                0.85325,               0.006007,               0.006007,               0.006007
                    123,                0.48114,                0.97126,                0.95226,                0.61458,                0.82123,                0.72337,                0.67423,                0.36253,                0.84339,                0.85341,               0.005974,               0.005974,               0.005974
                    124,                0.46641,                0.97266,                0.95059,                0.60872,                0.80802,                0.72678,                0.67226,                0.36038,                0.81891,                0.85735,               0.005941,               0.005941,               0.005941
                    125,                 0.4766,                  0.955,                0.95494,                0.67152,                0.71798,                0.70481,                 0.6552,                0.36684,                0.88308,                0.86055,               0.005908,               0.005908,               0.005908
                    126,                0.48911,                0.94329,                0.96218,                0.58465,                 0.8093,                0.73634,                0.68262,                0.36011,                0.82773,                0.87137,               0.005875,               0.005875,               0.005875
                    127,                 0.4817,                0.94972,                0.95015,                0.59507,                0.81686,                0.72178,                0.66957,                0.37535,                0.95918,                0.86454,               0.005842,               0.005842,               0.005842
                    128,                0.47026,                0.96367,                0.94467,                0.65453,                0.80856,                0.76459,                0.71337,                 0.3477,                0.80292,                0.85477,               0.005809,               0.005809,               0.005809
                    129,                0.48634,                0.94779,                0.95664,                0.63493,                 0.6729,                0.70096,                0.63796,                0.37277,                0.94209,                0.87288,               0.005776,               0.005776,               0.005776
                    130,                0.50607,                 0.9826,                0.99183,                0.58508,                0.85892,                0.72392,                0.67695,                0.34795,                 0.8458,                0.84982,               0.005743,               0.005743,               0.005743
                    131,                0.46282,                0.93963,                 0.9486,                0.57198,                0.82787,                0.70216,                0.64825,                0.35924,                0.93686,                 0.8512,                0.00571,                0.00571,                0.00571
                    132,                0.48108,                0.98714,                0.96052,                0.58806,                0.83648,                0.74219,                0.68407,                0.40612,                0.99694,                0.87057,               0.005677,               0.005677,               0.005677
                    133,                0.47766,                 0.9307,                0.95356,                0.67781,                0.73904,                0.76156,                0.70701,                0.37092,                0.84154,                0.86289,               0.005644,               0.005644,               0.005644
                    134,                0.49391,                0.97839,                0.95836,                0.59667,                 0.8644,                0.75185,                0.69888,                0.35198,                0.79592,                0.85173,               0.005611,               0.005611,               0.005611
                    135,                0.45536,                 0.8993,                0.94563,                0.64832,                0.78878,                0.75382,                  0.703,                 0.3443,                0.75716,                 0.8558,               0.005578,               0.005578,               0.005578
                    136,                0.47442,                0.94464,                 0.9504,                0.64887,                0.86287,                0.77375,                0.72342,                0.34539,                0.74945,                0.84997,               0.005545,               0.005545,               0.005545
                    137,                0.46995,                0.94276,                0.95479,                0.65203,                0.81721,                0.75253,                0.70238,                0.35869,                0.82368,                0.85931,               0.005512,               0.005512,               0.005512
                    138,                0.47623,                0.93503,                0.94746,                0.63293,                0.86574,                0.76919,                0.71886,                0.34834,                0.77331,                0.85102,               0.005479,               0.005479,               0.005479
                    139,                0.46568,                0.98691,                0.94345,                0.64527,                0.86717,                0.77133,                0.71617,                0.34269,                0.74133,                0.85241,               0.005446,               0.005446,               0.005446
                    140,                0.46143,                0.93807,                0.93417,                0.60561,                0.84011,                0.73697,                0.68372,                0.35881,                0.86047,                0.84897,               0.005413,               0.005413,               0.005413
                    141,                0.49169,                0.91911,                0.98136,                0.65005,                0.78788,                0.76276,                0.70184,                0.35853,                0.86239,                0.85156,                0.00538,                0.00538,                0.00538
                    142,                0.48042,                0.89494,                0.95175,                0.65245,                0.86765,                0.78222,                0.73332,                0.34219,                0.82798,                0.84808,               0.005347,               0.005347,               0.005347
                    143,                0.46661,                0.89775,                0.94875,                0.59793,                0.84682,                0.74148,                0.69338,                0.32799,                0.81355,                0.84259,               0.005314,               0.005314,               0.005314
                    144,                0.46447,                0.89847,                0.94014,                0.61712,                0.85666,                0.76573,                0.71653,                0.34106,                0.78624,                0.85265,               0.005281,               0.005281,               0.005281
                    145,                0.46903,                0.90446,                0.96513,                0.62632,                0.84546,                0.74696,                0.69982,                0.35433,                0.77686,                0.85807,               0.005248,               0.005248,               0.005248
                    146,                 0.4667,                0.90021,                0.95228,                 0.5887,                0.86866,                0.76137,                0.70375,                 0.3552,                0.83499,                0.85854,               0.005215,               0.005215,               0.005215
                    147,                0.45974,                0.92832,                0.94651,                0.60571,                0.78556,                0.72624,                0.67376,                0.35119,                 0.8712,                0.85389,               0.005182,               0.005182,               0.005182
                    148,                0.48038,                0.94303,                0.96427,                 0.6673,                0.80861,                0.76823,                0.72055,                0.33518,                0.78854,                0.84142,               0.005149,               0.005149,               0.005149
                    149,                0.45916,                0.84779,                0.94265,                 0.6324,                0.82445,                0.76231,                0.71328,                0.33039,                0.78365,                0.83799,               0.005116,               0.005116,               0.005116
                    150,                0.46475,                0.91596,                0.94598,                0.60722,                0.85705,                 0.7624,                0.70728,                0.33783,                0.86264,                0.84845,               0.005083,               0.005083,               0.005083
                    151,                0.45178,                0.86041,                0.94302,                0.60352,                0.81765,                0.73877,                0.68823,                0.35039,                0.82441,                0.85278,                0.00505,                0.00505,                0.00505
                    152,                0.47129,                0.98459,                0.94685,                0.62031,                0.84963,                0.73579,                0.68663,                0.35385,                0.84487,                0.85034,               0.005017,               0.005017,               0.005017
                    153,                0.45769,                0.91172,                0.94629,                0.56199,                0.82806,                0.68685,                0.64056,                0.33752,                0.93433,                0.85281,               0.004984,               0.004984,               0.004984
                    154,                0.46139,                0.89145,                0.94701,                0.71951,                0.77442,                0.76367,                 0.7035,                0.36859,                0.71915,                0.86167,               0.004951,               0.004951,               0.004951
                    155,                0.46061,                0.89564,                0.94538,                0.65581,                0.81999,                0.75615,                0.70586,                0.33535,                0.78785,                0.84839,               0.004918,               0.004918,               0.004918
                    156,                0.48954,                 1.0014,                0.97494,                 0.5605,                0.79132,                0.70696,                0.66081,                0.33869,                 1.0391,                0.84404,               0.004885,               0.004885,               0.004885
                    157,                0.46519,                 0.9364,                0.95209,                0.60302,                0.83347,                0.75603,                0.70456,                0.35242,                0.82918,                0.84773,               0.004852,               0.004852,               0.004852
                    158,                0.47418,                0.91417,                0.95802,                0.76641,                0.75702,                0.76313,                0.71177,                0.35757,                0.78685,                 0.8475,               0.004819,               0.004819,               0.004819
                    159,                0.45611,                0.89142,                0.94819,                0.60015,                0.86334,                0.77196,                0.71333,                0.37647,                0.82104,                0.87498,               0.004786,               0.004786,               0.004786
                    160,                0.44853,                 0.9727,                0.91761,                0.62994,                0.86721,                0.77303,                 0.7177,                 0.3456,                0.76155,                0.84528,               0.004753,               0.004753,               0.004753
                    161,                0.45267,                0.88706,                0.94749,                0.79097,                0.76109,                0.78069,                0.72216,                0.34249,                0.71941,                0.85067,                0.00472,                0.00472,                0.00472
                    162,                0.45622,                0.84069,                0.93881,                0.62544,                0.82266,                 0.7334,                0.68516,                 0.3546,                0.86659,                0.85549,               0.004687,               0.004687,               0.004687
                    163,                0.45055,                0.88343,                0.94645,                0.64878,                0.86322,                0.76027,                 0.7076,                0.33306,                0.75861,                0.84792,               0.004654,               0.004654,               0.004654
                    164,                0.46495,                0.88203,                0.95221,                0.64332,                0.84936,                0.78045,                0.73272,                0.34917,                0.73726,                0.85039,               0.004621,               0.004621,               0.004621
                    165,                0.44241,                0.88567,                0.93852,                0.63542,                0.88216,                0.76786,                0.71465,                0.33517,                0.74011,                0.84839,               0.004588,               0.004588,               0.004588
                    166,                0.45628,                0.88104,                0.94309,                0.62268,                0.83473,                0.74527,                0.69154,                0.34748,                0.78127,                0.85289,               0.004555,               0.004555,               0.004555
                    167,                0.46214,                0.86496,                0.95669,                0.62514,                0.83282,                0.73564,                0.68808,                0.36043,                0.82133,                0.86256,               0.004522,               0.004522,               0.004522
                    168,                0.45086,                0.86484,                0.93841,                0.75813,                0.75611,                0.75436,                0.70022,                 0.3403,                 0.7704,                0.84762,               0.004489,               0.004489,               0.004489
                    169,                0.45746,                 0.8982,                0.94681,                 0.6385,                 0.8976,                0.78897,                0.73632,                0.32697,                 0.7178,                0.84162,               0.004456,               0.004456,               0.004456
                    170,                0.43026,                0.98313,                0.92644,                0.62519,                0.84872,                 0.7643,                0.71792,                0.33268,                0.78836,                0.84138,               0.004423,               0.004423,               0.004423
                    171,                0.43566,                  0.837,                0.94428,                0.65589,                  0.862,                0.77416,                0.72803,                0.32428,                0.68726,                0.83707,                0.00439,                0.00439,                0.00439
                    172,                0.45436,                0.87322,                0.94337,                0.63132,                0.87093,                0.76651,                0.71218,                0.35018,                0.81617,                0.85101,               0.004357,               0.004357,               0.004357
                    173,                0.48619,                0.88126,                0.96419,                0.62999,                0.85275,                0.76726,                0.71195,                0.33941,                0.73307,                 0.8505,               0.004324,               0.004324,               0.004324
                    174,                 0.4485,                0.87778,                0.94243,                0.64962,                0.80853,                0.76986,                0.72513,                0.33377,                0.71835,                0.84318,               0.004291,               0.004291,               0.004291
                    175,                0.45842,                0.88871,                0.95505,                 0.6542,                0.83206,                0.77945,                0.73214,                0.32479,                0.72833,                0.83989,               0.004258,               0.004258,               0.004258
                    176,                0.45181,                0.85671,                0.94466,                0.65048,                0.76949,                 0.7505,                 0.7038,                0.32353,                0.79592,                0.84081,               0.004225,               0.004225,               0.004225
                    177,                0.43216,                0.87542,                0.93077,                0.59806,                0.83744,                0.74833,                0.70058,                0.33364,                0.80479,                0.84663,               0.004192,               0.004192,               0.004192
                    178,                0.44667,                0.86705,                0.94698,                0.66285,                0.86427,                0.76654,                0.71711,                0.33974,                 0.6893,                0.84624,               0.004159,               0.004159,               0.004159
                    179,                0.42966,                0.85942,                0.93628,                0.61396,                0.79503,                0.72826,                0.67802,                 0.3297,                0.87617,                 0.8408,               0.004126,               0.004126,               0.004126
                    180,                0.45226,                0.91203,                0.95036,                0.75064,                0.72236,                0.75684,                0.70318,                0.34316,                0.78635,                0.85221,               0.004093,               0.004093,               0.004093
                    181,                0.47506,                0.89341,                0.97276,                 0.5913,                0.87549,                0.75235,                0.70393,                 0.3317,                0.83152,                0.84233,                0.00406,                0.00406,                0.00406
                    182,                0.43754,                0.80735,                0.94096,                0.62746,                0.82382,                0.73823,                0.69356,                0.32719,                0.82649,                 0.8413,               0.004027,               0.004027,               0.004027
                    183,                0.44185,                0.87181,                 0.9462,                0.64863,                0.85323,                0.76668,                 0.7204,                0.33532,                0.70856,                0.84919,               0.003994,               0.003994,               0.003994
                    184,                0.45268,                0.88538,                0.94628,                0.69815,                 0.7604,                0.74819,                0.70177,                0.32536,                 0.7808,                0.84543,               0.003961,               0.003961,               0.003961
                    185,                0.43995,                0.85566,                0.94249,                 0.6231,                0.80179,                0.73453,                0.69059,                0.32845,                0.83404,                0.84596,               0.003928,               0.003928,               0.003928
                    186,                0.43433,                0.80853,                0.93874,                0.72698,                0.77887,                0.78201,                0.72617,                0.32594,                0.66974,                0.83816,               0.003895,               0.003895,               0.003895
                    187,                0.46197,                0.84139,                0.95531,                0.63471,                0.83575,                0.76522,                0.71373,                0.33819,                0.75834,                0.84549,               0.003862,               0.003862,               0.003862
                    188,                0.46448,                0.88566,                0.94705,                0.62843,                0.83955,                0.73763,                0.69307,                0.32438,                0.85607,                0.84091,               0.003829,               0.003829,               0.003829
                    189,                0.43856,                0.86625,                0.93813,                0.64207,                0.87744,                0.77233,                0.72716,                0.31666,                0.71652,                0.83386,               0.003796,               0.003796,               0.003796
                    190,                0.42498,                0.89916,                0.93206,                 0.6572,                0.85295,                0.76802,                0.72462,                0.32994,                0.80415,                  0.844,               0.003763,               0.003763,               0.003763
                    191,                0.45194,                0.85632,                0.95147,                0.65315,                0.88261,                 0.7863,                0.73791,                0.32148,                0.65028,                0.83983,                0.00373,                0.00373,                0.00373
                    192,                0.43926,                0.81504,                0.93878,                 0.7677,                 0.7523,                0.79356,                0.74765,                0.32094,                0.70026,                0.83429,               0.003697,               0.003697,               0.003697
                    193,                0.44331,                0.81549,                0.94618,                0.63617,                0.87962,                0.77385,                0.73029,                0.33858,                0.72314,                0.84882,               0.003664,               0.003664,               0.003664
                    194,                0.44448,                0.81666,                0.94747,                0.68276,                0.89553,                0.79478,                0.74723,                0.31644,                0.64928,                0.83762,               0.003631,               0.003631,               0.003631
                    195,                0.43594,                0.82248,                0.94329,                0.66054,                0.87463,                0.79283,                0.74299,                0.33249,                0.71452,                 0.8436,               0.003598,               0.003598,               0.003598
                    196,                0.43209,                0.82498,                0.94075,                0.66864,                0.82649,                0.78977,                0.74295,                0.31841,                0.71963,                0.84127,               0.003565,               0.003565,               0.003565
                    197,                0.42291,                0.83517,                0.93928,                 0.6814,                0.88419,                0.79195,                0.75043,                0.31758,                0.66555,                0.83883,               0.003532,               0.003532,               0.003532
                    198,                0.43046,                0.88409,                0.93679,                 0.6532,                 0.8775,                0.76418,                0.72326,                0.33312,                0.70827,                0.85243,               0.003499,               0.003499,               0.003499
                    199,                0.44574,                0.80811,                0.95158,                0.77946,                0.77777,                0.77347,                0.72608,                  0.344,                0.65709,                0.85736,               0.003466,               0.003466,               0.003466
                    200,                0.44149,                0.79599,                0.95719,                0.65555,                0.85859,                0.76238,                0.71765,                0.33289,                0.71932,                0.84683,               0.003433,               0.003433,               0.003433
                    201,                0.41222,                0.82483,                0.91544,                0.65829,                 0.8799,                0.78888,                0.74121,                0.32498,                0.69501,                0.83904,                 0.0034,                 0.0034,                 0.0034
                    202,                0.42617,                0.78633,                0.93671,                0.67438,                0.88899,                0.80414,                0.75809,                0.32111,                0.64992,                0.83758,               0.003367,               0.003367,               0.003367
                    203,                 0.4118,                0.77237,                0.92461,                0.64534,                0.85897,                0.76779,                0.72051,                0.31372,                0.73413,                0.83924,               0.003334,               0.003334,               0.003334
                    204,                0.42668,                0.80087,                0.94489,                 0.6345,                0.91017,                0.78486,                0.73231,                0.31465,                0.71184,                 0.8335,               0.003301,               0.003301,               0.003301
                    205,                0.43819,                0.77609,                0.96011,                0.68879,                0.82334,                0.79004,                0.73851,                0.32884,                0.64439,                0.85104,               0.003268,               0.003268,               0.003268
                    206,                0.42679,                0.76119,                 0.9336,                0.77752,                0.76301,                0.78728,                0.73712,                0.32387,                0.66421,                0.83886,               0.003235,               0.003235,               0.003235
                    207,                0.41473,                0.82303,                0.92854,                0.65455,                0.87785,                0.77274,                0.73043,                0.31241,                0.69182,                 0.8355,               0.003202,               0.003202,               0.003202
                    208,                0.42734,                0.75802,                0.93843,                0.66637,                0.86711,                0.77848,                0.72973,                0.30729,                0.65485,                  0.837,               0.003169,               0.003169,               0.003169
                    209,                0.41972,                0.81658,                 0.9349,                0.61226,                0.84254,                0.73805,                0.68864,                0.32885,                 0.8888,                 0.8467,               0.003136,               0.003136,               0.003136
                    210,                 0.4113,                0.74941,                0.92321,                0.65474,                0.86752,                0.78529,                0.73253,                0.31847,                0.67791,                0.83979,               0.003103,               0.003103,               0.003103
                    211,                 0.4215,                0.77289,                0.94063,                0.66774,                0.84599,                0.76952,                0.72002,                0.31341,                0.72111,                0.83477,                0.00307,                0.00307,                0.00307
                    212,                0.43249,                0.79177,                0.95098,                0.66048,                0.86735,                0.77371,                0.72315,                0.31268,                0.69451,                0.84175,               0.003037,               0.003037,               0.003037
                    213,                0.42264,                0.79715,                0.95372,                 0.6541,                0.87527,                0.77765,                0.73102,                0.32078,                0.69939,                0.83595,               0.003004,               0.003004,               0.003004
                    214,                0.41982,                0.79748,                 0.9448,                0.64328,                0.87499,                0.77285,                 0.7238,                0.31139,                0.72798,                0.83577,               0.002971,               0.002971,               0.002971
                    215,                0.43422,                0.77298,                0.95074,                0.65043,                0.87378,                0.77095,                0.72401,                0.31644,                0.71806,                 0.8356,               0.002938,               0.002938,               0.002938
                    216,                0.41351,                0.77839,                0.93454,                0.76679,                0.76448,                0.78415,                0.73617,                0.31426,                0.70171,                0.83799,               0.002905,               0.002905,               0.002905
                    217,                0.43532,                0.76422,                0.94334,                0.61682,                 0.8278,                0.74904,                0.69899,                0.31604,                0.79568,                0.84122,               0.002872,               0.002872,               0.002872
                    218,                0.42682,                0.79428,                0.94508,                0.67498,                 0.8061,                0.77805,                0.73223,                 0.3249,                0.68868,                0.84849,               0.002839,               0.002839,               0.002839
                    219,                0.41128,                0.74923,                 0.9252,                0.67047,                0.82589,                  0.779,                0.72989,                0.31845,                0.71905,                0.83692,               0.002806,               0.002806,               0.002806
                    220,                0.40804,                 0.7558,                0.93345,                0.65179,                0.80763,                 0.7809,                0.73552,                0.31456,                 0.7356,                0.83317,               0.002773,               0.002773,               0.002773
                    221,                0.41703,                0.75512,                0.93259,                0.65593,                0.84704,                0.77054,                0.72789,                0.30922,                0.72462,                0.83039,                0.00274,                0.00274,                0.00274
                    222,                0.41499,                0.74775,                0.92747,                0.65717,                0.80037,                  0.775,                0.72822,                0.31291,                0.75523,                0.83184,               0.002707,               0.002707,               0.002707
                    223,                0.39988,                0.73239,                0.93364,                0.68537,                0.80535,                0.76739,                0.72408,                 0.3069,                0.71682,                0.83085,               0.002674,               0.002674,               0.002674
                    224,                0.42112,                0.80101,                0.93881,                0.67164,                0.83906,                0.78649,                 0.7402,                0.31446,                0.71673,                0.83462,               0.002641,               0.002641,               0.002641
                    225,                0.41683,                 0.7927,                0.93539,                0.66933,                0.84256,                0.79326,                0.75067,                 0.3128,                0.69255,                0.83538,               0.002608,               0.002608,               0.002608
                    226,                0.40459,                0.76919,                0.91781,                0.69243,                0.86032,                0.80078,                 0.7491,                 0.3092,                0.67739,                0.83401,               0.002575,               0.002575,               0.002575
                    227,                0.41975,                0.79375,                0.93519,                 0.6808,                0.85835,                0.80011,                0.75537,                0.30255,                0.66589,                0.83623,               0.002542,               0.002542,               0.002542
                    228,                0.41124,                0.71847,                0.93829,                0.80646,                0.76814,                0.80687,                0.76052,                0.30881,                0.63717,                0.83236,               0.002509,               0.002509,               0.002509
                    229,                0.41064,                 0.7534,                0.93379,                0.68567,                0.82465,                0.80244,                0.75554,                0.30968,                0.65677,                0.83558,               0.002476,               0.002476,               0.002476
                    230,                0.40875,                 0.7483,                0.92939,                0.66524,                 0.8927,                0.81281,                0.76888,                0.29959,                0.63246,                0.83039,               0.002443,               0.002443,               0.002443
                    231,                0.41569,                0.75691,                0.94224,                0.69056,                0.84286,                0.79695,                0.75613,                 0.3046,                0.62687,                0.82993,                0.00241,                0.00241,                0.00241
                    232,                0.41183,                0.73343,                0.93734,                0.66498,                0.81594,                0.79424,                0.75133,                0.30346,                0.71567,                 0.8347,               0.002377,               0.002377,               0.002377
                    233,                0.40153,                 0.7365,                0.92806,                0.69443,                 0.8623,                0.80468,                0.76156,                0.30083,                0.63386,                0.82794,               0.002344,               0.002344,               0.002344
                    234,                0.41816,                0.76984,                0.93497,                0.68194,                0.85372,                0.78678,                0.74433,                 0.3235,                0.66901,                0.83377,               0.002311,               0.002311,               0.002311
                    235,                0.41492,                0.73441,                0.92862,                0.79079,                 0.7701,                0.80424,                0.76059,                0.31011,                0.62751,                 0.8311,               0.002278,               0.002278,               0.002278
                    236,                0.40259,                0.75018,                0.92495,                0.73197,                0.78778,                0.79773,                0.75202,                0.31281,                0.65828,                0.84002,               0.002245,               0.002245,               0.002245
                    237,                0.41244,                 0.7307,                0.93719,                 0.7302,                0.76211,                0.78965,                0.74304,                0.30669,                0.65533,                 0.8325,               0.002212,               0.002212,               0.002212
                    238,                0.41036,                0.73835,                0.93269,                0.67747,                 0.8479,                0.79991,                0.75464,                0.30559,                0.63211,                0.83264,               0.002179,               0.002179,               0.002179
                    239,                0.41048,                0.73193,                0.92829,                0.67861,                0.84846,                0.78335,                0.74068,                0.30799,                0.66456,                0.83412,               0.002146,               0.002146,               0.002146
                    240,                 0.4184,                0.73725,                0.94346,                0.69061,                0.84825,                0.80036,                0.75422,                0.30495,                0.63538,                0.83123,               0.002113,               0.002113,               0.002113
                    241,                0.39784,                 0.7003,                0.93982,                0.79104,                0.76958,                0.81352,                0.76736,                0.29903,                0.60781,                 0.8292,                0.00208,                0.00208,                0.00208
                    242,                0.39635,                0.72816,                0.91774,                0.67869,                0.85825,                0.81478,                0.76974,                0.31701,                0.64162,                0.84169,               0.002047,               0.002047,               0.002047
                    243,                0.40624,                0.72389,                0.92861,                0.66619,                0.86644,                0.80471,                0.76064,                 0.3024,                0.72248,                0.83161,               0.002014,               0.002014,               0.002014
                    244,                0.39053,                0.69699,                0.92281,                0.67473,                0.85157,                0.80381,                0.76166,                0.31051,                0.65845,                0.83297,               0.001981,               0.001981,               0.001981
                    245,                0.39464,                0.71793,                0.91821,                0.76258,                0.79569,                 0.8063,                0.76293,                0.30557,                 0.6443,                0.83417,               0.001948,               0.001948,               0.001948
                    246,                0.40253,                0.69965,                0.93011,                0.67375,                0.86978,                0.79391,                0.75162,                0.30435,                0.65403,                0.83307,               0.001915,               0.001915,               0.001915
                    247,                0.39853,                0.72286,                0.93182,                0.67839,                0.83324,                0.78033,                0.73606,                0.30221,                0.65672,                0.82711,               0.001882,               0.001882,               0.001882
                    248,                0.38115,                 0.6641,                0.92139,                 0.7637,                 0.7861,                0.79594,                0.75677,                0.30265,                0.64126,                0.82855,               0.001849,               0.001849,               0.001849
                    249,                0.38578,                0.70784,                  0.922,                0.67518,                0.89161,                0.79039,                0.75213,                0.30243,                0.63579,                0.83037,               0.001816,               0.001816,               0.001816
                    250,                0.39274,                0.71346,                0.92684,                0.74015,                0.81747,                0.79345,                0.75414,                0.30031,                0.63665,                0.82735,               0.001783,               0.001783,               0.001783
                    251,                 0.3917,                0.68947,                0.92749,                0.80957,                0.78355,                0.80743,                0.76467,                0.29808,                 0.6221,                0.82677,                0.00175,                0.00175,                0.00175
                    252,                0.38714,                0.73533,                0.92613,                0.72142,                0.85343,                0.79694,                0.75552,                0.29321,                0.61636,                0.82627,               0.001717,               0.001717,               0.001717
                    253,                0.37834,                0.67572,                0.91486,                0.68949,                0.86103,                0.79122,                0.75069,                0.29178,                0.65583,                0.82736,               0.001684,               0.001684,               0.001684
                    254,                0.37957,                0.68983,                0.91774,                0.64628,                 0.8673,                0.77858,                0.73501,                0.29902,                0.73001,                0.82944,               0.001651,               0.001651,               0.001651
                    255,                0.37968,                0.67958,                0.92696,                0.65375,                0.87678,                0.78574,                 0.7457,                0.30055,                  0.686,                0.82793,               0.001618,               0.001618,               0.001618
                    256,                0.39934,                0.68751,                0.93284,                0.70518,                0.87094,                 0.7981,                0.75386,                0.29741,                0.65238,                0.82937,               0.001585,               0.001585,               0.001585
                    257,                0.38737,                0.66253,                0.93147,                0.65958,                0.87693,                0.78357,                0.74238,                0.29912,                0.67239,                0.83372,               0.001552,               0.001552,               0.001552
                    258,                0.39296,                0.69752,                0.93153,                0.69689,                0.85054,                0.79293,                0.75372,                0.29711,                0.65377,                0.82953,               0.001519,               0.001519,               0.001519
                    259,                0.38472,                0.68008,                0.92458,                0.72217,                0.82599,                0.79644,                0.75699,                0.29519,                0.63475,                0.82639,               0.001486,               0.001486,               0.001486
                    260,                0.39016,                0.69475,                0.93503,                0.75189,                 0.8084,                0.78666,                0.74413,                0.29073,                0.63017,                 0.8253,               0.001453,               0.001453,               0.001453
                    261,                0.38131,                0.66801,                0.92522,                0.71261,                0.83699,                0.79071,                0.74844,                0.28871,                0.64609,                0.82343,                0.00142,                0.00142,                0.00142
                    262,                 0.3905,                0.65988,                0.93312,                0.70636,                0.83631,                0.79707,                0.75478,                0.30007,                0.64047,                0.82634,               0.001387,               0.001387,               0.001387
                    263,                0.37661,                0.66293,                0.92116,                0.77743,                0.79403,                0.80157,                0.75689,                0.29645,                0.63157,                0.82789,               0.001354,               0.001354,               0.001354
                    264,                 0.3708,                0.72307,                0.91837,                0.79998,                0.77231,                0.79264,                 0.7507,                0.29728,                 0.6452,                0.83011,               0.001321,               0.001321,               0.001321
                    265,                0.38395,                0.67165,                0.92351,                0.70193,                0.85188,                 0.7982,                0.75741,                0.29315,                0.62672,                0.82618,               0.001288,               0.001288,               0.001288
                    266,                0.38063,                0.67427,                0.92989,                0.66752,                0.87458,                0.80263,                0.75978,                0.29664,                0.63245,                0.82683,               0.001255,               0.001255,               0.001255
                    267,                0.38449,                0.66966,                0.93033,                0.71422,                0.84126,                0.81128,                0.76879,                0.29543,                0.63188,                0.82542,               0.001222,               0.001222,               0.001222
                    268,                0.37325,                0.63837,                0.91997,                0.66796,                0.87729,                0.80504,                0.76732,                0.28834,                0.63942,                0.82426,               0.001189,               0.001189,               0.001189
                    269,                0.37303,                0.64537,                 0.9187,                0.78453,                 0.7703,                0.79799,                0.75924,                 0.2909,                0.66787,                0.82878,               0.001156,               0.001156,               0.001156
                    270,                0.36769,                0.67435,                0.93034,                 0.6983,                0.85871,                0.79227,                 0.7561,                0.29054,                0.63915,                0.82678,               0.001123,               0.001123,               0.001123
                    271,                0.39727,                0.65256,                0.93424,                0.71751,                0.84362,                0.80146,                0.76048,                0.28938,                0.62698,                 0.8238,                0.00109,                0.00109,                0.00109
                    272,                0.36423,                0.69209,                0.91342,                 0.6895,                0.86367,                0.80324,                0.76211,                0.28662,                0.62376,                0.82297,               0.001057,               0.001057,               0.001057
                    273,                0.39275,                0.67869,                0.93556,                0.68785,                0.84769,                0.79852,                0.75744,                0.28999,                0.62309,                0.82445,               0.001024,               0.001024,               0.001024
                    274,                0.38406,                0.63929,                0.92337,                0.71378,                0.82474,                0.79477,                0.75178,                0.29044,                0.66703,                0.82196,               0.000991,               0.000991,               0.000991
                    275,                0.36825,                0.63677,                0.92252,                0.73233,                0.81621,                 0.8005,                0.76027,                0.29382,                0.64039,                  0.824,               0.000958,               0.000958,               0.000958
                    276,                0.36168,                0.64028,                0.90172,                0.69295,                0.85614,                0.80833,                0.76533,                0.29257,                0.64226,                0.82534,               0.000925,               0.000925,               0.000925
                    277,                0.37949,                0.63907,                0.92511,                0.70275,                0.83592,                0.80311,                0.76202,                0.29008,                 0.6192,                0.82582,               0.000892,               0.000892,               0.000892
                    278,                0.35335,                0.61273,                0.91055,                 0.8168,                0.78353,                 0.8012,                0.75999,                0.28946,                0.61082,                0.82397,               0.000859,               0.000859,               0.000859
                    279,                0.36557,                0.61439,                0.92015,                0.68662,                0.87009,                0.79069,                0.74913,                0.28944,                0.63208,                 0.8227,               0.000826,               0.000826,               0.000826
                    280,                0.38476,                0.62765,                 0.9358,                0.70137,                0.84997,                0.79315,                0.75332,                0.28505,                0.63678,                0.81967,               0.000793,               0.000793,               0.000793
                    281,                0.36339,                 0.6026,                0.91863,                0.70966,                0.84525,                0.79728,                0.75928,                0.28389,                0.62852,                0.81934,                0.00076,                0.00076,                0.00076
                    282,                 0.4143,                0.67588,                0.98199,                0.70819,                0.84287,                0.80504,                0.76617,                0.28142,                0.62574,                 0.8196,               0.000727,               0.000727,               0.000727
                    283,                 0.3768,                0.61674,                0.92341,                0.69964,                0.84908,                0.80526,                0.76632,                0.28769,                 0.6197,                0.82234,               0.000694,               0.000694,               0.000694
                    284,                0.40076,                0.64215,                0.94936,                0.70853,                0.84461,                0.79827,                 0.7598,                0.28854,                0.62144,                0.82324,               0.000661,               0.000661,               0.000661
                    285,                0.36853,                0.64542,                 0.9182,                0.70411,                0.81675,                 0.7962,                 0.7561,                0.28265,                0.63956,                0.82025,               0.000628,               0.000628,               0.000628
                    286,                0.36781,                0.60497,                0.92333,                0.74588,                0.79866,                0.79771,                0.75542,                0.28216,                0.62749,                0.82133,               0.000595,               0.000595,               0.000595
                    287,                0.38237,                 0.6324,                 0.9253,                0.73482,                0.82391,                0.79605,                0.75553,                0.28242,                0.64895,                0.82252,               0.000562,               0.000562,               0.000562
                    288,                0.37189,                0.62202,                0.91779,                0.69112,                0.86069,                0.79541,                0.75587,                0.28059,                0.66578,                0.82233,               0.000529,               0.000529,               0.000529
                    289,                0.34897,                0.60621,                0.91119,                 0.6916,                  0.875,                0.79826,                0.75907,                0.28106,                0.65246,                0.82298,               0.000496,               0.000496,               0.000496
                    290,                 0.2811,                0.77038,                0.83906,                0.73241,                0.81683,                0.79913,                0.75858,                0.28294,                0.62459,                0.82422,               0.000463,               0.000463,               0.000463
                    291,                 0.2867,                0.50215,                0.86614,                0.68267,                0.87234,                0.79293,                0.75202,                0.28613,                0.63886,                0.82591,                0.00043,                0.00043,                0.00043
                    292,                0.28301,                0.51632,                0.85744,                0.70317,                0.84355,                0.79435,                0.75442,                 0.2864,                0.63075,                0.82349,               0.000397,               0.000397,               0.000397
